{
  "model": "Dense-only (6\u219232\u219216\u21928\u21921) for AQI prediction",
  "input_features": [
    "PM2.5",
    "PM10",
    "NO2",
    "SO2",
    "CO",
    "O3"
  ],
  "target": "AQI",
  "parameters": 897,
  "epochs_trained": 118,
  "best_epoch": 98,
  "best_val_loss": 0.04021428897976875,
  "best_val_mae": 0.14992526173591614,
  "test_loss": 1.332310438156128,
  "test_mae": 0.4468514025211334,
  "seed": 42
}