{
  "loss": [
    0.6539209485054016,
    0.4353177547454834,
    0.3583480417728424,
    0.33372029662132263,
    0.29887479543685913,
    0.2844911217689514,
    0.2726232409477234,
    0.2590276598930359,
    0.24602718651294708,
    0.24769261479377747,
    0.24026577174663544,
    0.2374386489391327,
    0.2317519634962082,
    0.23187153041362762,
    0.2179461270570755,
    0.21493317186832428,
    0.2181987762451172,
    0.21945235133171082,
    0.21233825385570526,
    0.21104463934898376,
    0.21306872367858887,
    0.20565356314182281,
    0.2029954195022583,
    0.20606054365634918,
    0.20722581446170807,
    0.2005913108587265,
    0.19776329398155212,
    0.20121808350086212,
    0.19400250911712646,
    0.19588223099708557,
    0.19310173392295837,
    0.19226829707622528,
    0.19203896820545197,
    0.1976786106824875,
    0.18990392982959747,
    0.18916060030460358,
    0.1810166984796524,
    0.18285292387008667
  ],
  "mae": [
    0.5952840447425842,
    0.472204327583313,
    0.4263550043106079,
    0.4068754017353058,
    0.39002978801727295,
    0.37213513255119324,
    0.36625027656555176,
    0.3595772385597229,
    0.35072192549705505,
    0.34998416900634766,
    0.34653595089912415,
    0.33915624022483826,
    0.3392537534236908,
    0.33703678846359253,
    0.3273470997810364,
    0.32662639021873474,
    0.3242955803871155,
    0.3251519501209259,
    0.32151249051094055,
    0.3178306818008423,
    0.3212454617023468,
    0.3158841133117676,
    0.31516560912132263,
    0.313096821308136,
    0.314583957195282,
    0.311770498752594,
    0.3100283145904541,
    0.31088921427726746,
    0.30492129921913147,
    0.304438054561615,
    0.30450141429901123,
    0.30751562118530273,
    0.30390703678131104,
    0.30523940920829773,
    0.30243000388145447,
    0.30088749527931213,
    0.2967059910297394,
    0.29517462849617004
  ],
  "val_loss": [
    0.6271741390228271,
    0.4204527735710144,
    0.34434255957603455,
    0.30793970823287964,
    0.2794068157672882,
    0.27218616008758545,
    0.2680215537548065,
    0.25642129778862,
    0.27608025074005127,
    0.25544649362564087,
    0.259409099817276,
    0.262042373418808,
    0.25205057859420776,
    0.2440030574798584,
    0.25009647011756897,
    0.25937697291374207,
    0.2578265368938446,
    0.26127445697784424,
    0.24195276200771332,
    0.2476804405450821,
    0.24946095049381256,
    0.25452813506126404,
    0.2358040064573288,
    0.23836290836334229,
    0.23305822908878326,
    0.23294124007225037,
    0.23913148045539856,
    0.23263780772686005,
    0.241570845246315,
    0.24063827097415924,
    0.23700356483459473,
    0.24081549048423767,
    0.2580493986606598,
    0.23467732965946198,
    0.23484104871749878,
    0.23690372705459595,
    0.23889149725437164,
    0.24892225861549377
  ],
  "val_mae": [
    0.634264349937439,
    0.4972943961620331,
    0.43944019079208374,
    0.4173954427242279,
    0.391391783952713,
    0.3842185437679291,
    0.37760964035987854,
    0.36744678020477295,
    0.37255120277404785,
    0.3632470369338989,
    0.37004539370536804,
    0.37174278497695923,
    0.3581755757331848,
    0.35284602642059326,
    0.3587474822998047,
    0.363665372133255,
    0.3620443344116211,
    0.3634165823459625,
    0.35254937410354614,
    0.36113283038139343,
    0.35778701305389404,
    0.3577582836151123,
    0.3516687750816345,
    0.35730355978012085,
    0.3535817563533783,
    0.3464627265930176,
    0.3622826635837555,
    0.351087361574173,
    0.3589761257171631,
    0.35004734992980957,
    0.36137089133262634,
    0.3460308611392975,
    0.36718255281448364,
    0.34834814071655273,
    0.3539888560771942,
    0.35902681946754456,
    0.3598804473876953,
    0.3590697646141052
  ],
  "epochs": 38
}