{
  "loss": [
    0.5014123916625977,
    0.30769190192222595,
    0.24670037627220154,
    0.23307017982006073,
    0.22172746062278748,
    0.2204630821943283,
    0.2192831188440323,
    0.20987646281719208,
    0.20276102423667908,
    0.20127137005329132,
    0.20269417762756348,
    0.19820034503936768,
    0.18726684153079987,
    0.1910315603017807,
    0.1913570761680603,
    0.18895426392555237,
    0.1906318962574005,
    0.18229025602340698,
    0.18293672800064087,
    0.18662916123867035,
    0.17813676595687866,
    0.17965754866600037,
    0.17846958339214325,
    0.178927481174469,
    0.16852320730686188,
    0.17033608257770538,
    0.17460772395133972,
    0.17362985014915466,
    0.16808238625526428,
    0.16830918192863464,
    0.17297329008579254,
    0.1681090146303177,
    0.16863203048706055,
    0.1640588790178299,
    0.16765321791172028,
    0.16243915259838104,
    0.16568972170352936,
    0.16646644473075867,
    0.162841334939003,
    0.16189849376678467,
    0.1642666608095169
  ],
  "val_loss": [
    0.4594976305961609,
    0.3238391876220703,
    0.27826443314552307,
    0.26446765661239624,
    0.2503655254840851,
    0.24774561822414398,
    0.24102720618247986,
    0.24232691526412964,
    0.2350330501794815,
    0.23040607571601868,
    0.2356725037097931,
    0.2322947233915329,
    0.23464447259902954,
    0.22918565571308136,
    0.22557392716407776,
    0.2216835469007492,
    0.22415244579315186,
    0.22048522531986237,
    0.21890507638454437,
    0.21850797533988953,
    0.21671035885810852,
    0.21563191711902618,
    0.21688193082809448,
    0.21859657764434814,
    0.21269024908542633,
    0.2131374031305313,
    0.2102995067834854,
    0.21013237535953522,
    0.21328739821910858,
    0.21174314618110657,
    0.21089987456798553,
    0.21902796626091003,
    0.21002711355686188,
    0.21404115855693817,
    0.2114585041999817,
    0.20937994122505188,
    0.2123509645462036,
    0.2150125950574875,
    0.21380412578582764,
    0.21882420778274536,
    0.21586792171001434
  ],
  "mae": [
    0.5155125260353088,
    0.3794572353363037,
    0.3353307247161865,
    0.3225336968898773,
    0.31615957617759705,
    0.3112621009349823,
    0.3122364282608032,
    0.3068622052669525,
    0.3022571802139282,
    0.2990328073501587,
    0.30010491609573364,
    0.2977903187274933,
    0.29069983959198,
    0.2902780771255493,
    0.2904545068740845,
    0.289592981338501,
    0.2890337407588959,
    0.2864157259464264,
    0.28659486770629883,
    0.28674593567848206,
    0.2820647954940796,
    0.2831994295120239,
    0.28398776054382324,
    0.28165408968925476,
    0.27535533905029297,
    0.2767468988895416,
    0.27999770641326904,
    0.278559148311615,
    0.2743520736694336,
    0.2725761830806732,
    0.2765125632286072,
    0.27484259009361267,
    0.2727124094963074,
    0.2725185751914978,
    0.2708037197589874,
    0.2700968086719513,
    0.2702966332435608,
    0.2729816436767578,
    0.2705853283405304,
    0.2705489695072174,
    0.2702118754386902
  ],
  "val_mae": [
    0.527243435382843,
    0.4185258150100708,
    0.3839718997478485,
    0.36704912781715393,
    0.347657710313797,
    0.3506009578704834,
    0.3390904366970062,
    0.3407507538795471,
    0.3322680592536926,
    0.329467236995697,
    0.3361518085002899,
    0.333396315574646,
    0.33443790674209595,
    0.3284822702407837,
    0.32133743166923523,
    0.3221514821052551,
    0.32733920216560364,
    0.32157498598098755,
    0.3216720521450043,
    0.322327584028244,
    0.3195328414440155,
    0.3198899030685425,
    0.32211077213287354,
    0.3248409032821655,
    0.31683963537216187,
    0.3182118535041809,
    0.3124282956123352,
    0.3096557557582855,
    0.31755563616752625,
    0.314607173204422,
    0.31399863958358765,
    0.32342979311943054,
    0.3130999803543091,
    0.3151112496852875,
    0.3142598867416382,
    0.3129902780056,
    0.314535528421402,
    0.31923744082450867,
    0.3193346858024597,
    0.32563161849975586,
    0.316957950592041
  ],
  "epochs": 41
}