{
  "loss": [
    0.5511298179626465,
    0.3405906558036804,
    0.28794199228286743,
    0.26745039224624634,
    0.2549420893192291,
    0.24975165724754333,
    0.24394458532333374,
    0.23781809210777283,
    0.241980642080307,
    0.22997477650642395,
    0.2314661294221878,
    0.2263094037771225,
    0.22176018357276917,
    0.22479432821273804,
    0.22320722043514252,
    0.21394535899162292,
    0.2143419086933136,
    0.21715019643306732,
    0.2078123390674591,
    0.21780654788017273,
    0.21112659573554993,
    0.21088585257530212,
    0.20576922595500946,
    0.210709810256958,
    0.20893044769763947,
    0.20729604363441467,
    0.20344993472099304,
    0.20830872654914856,
    0.19912882149219513,
    0.19630096852779388,
    0.20332376658916473,
    0.19946569204330444,
    0.1984805315732956,
    0.1975669115781784,
    0.1946512758731842,
    0.1961062103509903,
    0.19409702718257904,
    0.18862293660640717,
    0.19210277497768402,
    0.19028738141059875,
    0.191790372133255,
    0.1934218555688858,
    0.18713830411434174
  ],
  "val_loss": [
    0.36377614736557007,
    0.3057222068309784,
    0.2781410813331604,
    0.2684045433998108,
    0.2611081898212433,
    0.25555381178855896,
    0.25109705328941345,
    0.24695247411727905,
    0.2442111372947693,
    0.24200230836868286,
    0.23892171680927277,
    0.23489835858345032,
    0.23439516127109528,
    0.23605091869831085,
    0.23182840645313263,
    0.22771532833576202,
    0.2308470606803894,
    0.22377094626426697,
    0.22517254948616028,
    0.22477936744689941,
    0.2247418314218521,
    0.2200525850057602,
    0.21923471987247467,
    0.2184196263551712,
    0.21793431043624878,
    0.21790556609630585,
    0.21650344133377075,
    0.2128337174654007,
    0.21164847910404205,
    0.21136270463466644,
    0.21594229340553284,
    0.20718537271022797,
    0.20686455070972443,
    0.2081248015165329,
    0.20374660193920135,
    0.2030959278345108,
    0.20479197800159454,
    0.20303750038146973,
    0.20733019709587097,
    0.205628901720047,
    0.20638629794120789,
    0.20410799980163574,
    0.20603837072849274
  ],
  "mae": [
    0.5602954030036926,
    0.4165631830692291,
    0.38004201650619507,
    0.3647860586643219,
    0.35304969549179077,
    0.34984666109085083,
    0.3477117717266083,
    0.34349021315574646,
    0.34565025568008423,
    0.33417561650276184,
    0.33468949794769287,
    0.3326485753059387,
    0.32864081859588623,
    0.33057087659835815,
    0.32603853940963745,
    0.32099655270576477,
    0.32283398509025574,
    0.3236919641494751,
    0.317079097032547,
    0.3219354450702667,
    0.3157009184360504,
    0.32031726837158203,
    0.3136679530143738,
    0.3162684142589569,
    0.31410154700279236,
    0.31491175293922424,
    0.3105531632900238,
    0.31234896183013916,
    0.30918562412261963,
    0.3048402965068817,
    0.31074947118759155,
    0.3040562570095062,
    0.30680814385414124,
    0.3047823905944824,
    0.3045862317085266,
    0.30366823077201843,
    0.3038187026977539,
    0.29954230785369873,
    0.301098495721817,
    0.30095231533050537,
    0.29928913712501526,
    0.3019182085990906,
    0.2971847951412201
  ],
  "val_mae": [
    0.453436017036438,
    0.3939550817012787,
    0.3698658347129822,
    0.3617219030857086,
    0.3543192148208618,
    0.3521209955215454,
    0.3475278317928314,
    0.3434586524963379,
    0.34147289395332336,
    0.3412521779537201,
    0.3380691111087799,
    0.33388254046440125,
    0.3351248800754547,
    0.33597901463508606,
    0.3321455717086792,
    0.3305051922798157,
    0.33126214146614075,
    0.32703298330307007,
    0.3259243667125702,
    0.3258923292160034,
    0.32556867599487305,
    0.3213222622871399,
    0.32172146439552307,
    0.323455274105072,
    0.32249128818511963,
    0.3224810063838959,
    0.32181602716445923,
    0.32119080424308777,
    0.3171500265598297,
    0.3194270133972168,
    0.3226790428161621,
    0.31490257382392883,
    0.31323549151420593,
    0.3161419630050659,
    0.31212353706359863,
    0.3109569549560547,
    0.3130783438682556,
    0.31084463000297546,
    0.31741294264793396,
    0.31798237562179565,
    0.3159339427947998,
    0.3134893774986267,
    0.318303644657135
  ],
  "epochs": 43
}