{
  "loss": [
    0.5836875438690186,
    0.3425780236721039,
    0.2977447509765625,
    0.27996397018432617,
    0.27029407024383545,
    0.2676984667778015,
    0.25691357254981995,
    0.25029027462005615,
    0.24852582812309265,
    0.24391673505306244,
    0.24292464554309845,
    0.23860427737236023,
    0.2330600917339325
  ],
  "val_loss": [
    0.40847843885421753,
    0.3094671368598938,
    0.2858414351940155,
    0.27448946237564087,
    0.26421767473220825,
    0.2636761963367462,
    0.26276183128356934,
    0.2578689455986023,
    0.2649545669555664,
    0.2629040777683258,
    0.26858335733413696,
    0.2698141634464264,
    0.2727246582508087
  ],
  "mae": [
    0.5791123509407043,
    0.41538941860198975,
    0.3808407485485077,
    0.3684222996234894,
    0.36148807406425476,
    0.35831499099731445,
    0.3535570204257965,
    0.3461267054080963,
    0.3471401035785675,
    0.34209415316581726,
    0.34314408898353577,
    0.33927232027053833,
    0.33731234073638916
  ],
  "val_mae": [
    0.49137040972709656,
    0.40521079301834106,
    0.38496100902557373,
    0.37305474281311035,
    0.3598882257938385,
    0.35811498761177063,
    0.35834062099456787,
    0.3508462607860565,
    0.35554879903793335,
    0.35453271865844727,
    0.3577294945716858,
    0.3607807755470276,
    0.3619566261768341
  ],
  "epochs": 13
}